customer_id,invoice_no,price,product_name,quantity
85,1000,16.96,Product_10,3
75,1001,38.92,Product_7,3
57,1002,18.43,Product_9,3
63,1003,33.16,Product_2,1
93,1004,47.81,Product_6,4
12,1005,20.94,Product_1,1
75,1006,21.44,Product_5,1
3,1007,38.46,Product_6,2
39,1008,43.07,Product_10,1
63,1009,9.16,Product_2,4
96,1010,33.85,Product_6,3
67,1011,28.92,Product_5,2
39,1012,26.85,Product_4,1
81,1013,30.36,Product_1,2
50,1014,13.19,Product_2,1
27,1015,45.89,Product_10,5
20,1016,26.03,Product_2,1
28,1017,29.99,Product_10,3
71,1018,15.45,Product_8,3
53,1019,6.19,Product_8,1
91,1020,32.36,Product_2,1
41,1021,11.25,Product_8,3
7,1022,44.23,Product_7,2
48,1023,23.23,Product_1,4
73,1024,5.72,Product_1,3
8,1025,43.57,Product_7,1
57,1026,7.6,Product_9,4
83,1027,11.82,Product_9,5
63,1028,38.69,Product_10,2
91,1029,18.49,Product_3,5
15,1030,9.78,Product_3,4
57,1031,12.01,Product_7,3
35,1032,23.41,Product_5,4
14,1033,9.45,Product_10,4
91,1034,20.83,Product_1,5
27,1035,46.66,Product_10,2
29,1036,40.6,Product_4,4
31,1037,41.37,Product_2,3
49,1038,44.53,Product_4,4
19,1039,23.31,Product_10,1
87,1040,43.14,Product_1,4
48,1041,23.92,Product_5,5
60,1042,7.98,Product_3,3
62,1043,38.45,Product_4,1
87,1044,5.07,Product_1,3
76,1045,23.0,Product_3,1
12,1046,45.0,Product_3,3
9,1047,22.43,Product_6,5
99,1048,29.94,Product_7,4
17,1049,48.92,Product_4,3
59,1050,45.03,Product_8,5
93,1051,18.78,Product_7,5
74,1052,18.0,Product_3,1
7,1053,40.99,Product_10,2
61,1054,32.99,Product_10,2
40,1055,16.16,Product_3,3
33,1056,41.4,Product_6,3
46,1057,44.78,Product_9,5
1,1058,34.48,Product_1,4
98,1059,36.97,Product_6,4
84,1060,37.26,Product_5,5
67,1061,13.4,Product_8,1
86,1062,24.71,Product_1,5
78,1063,15.58,Product_1,1
63,1064,15.38,Product_2,1
9,1065,34.94,Product_9,1
60,1066,41.95,Product_10,4
70,1067,23.36,Product_7,5
96,1068,41.96,Product_5,4
5,1069,19.17,Product_7,3
98,1070,11.16,Product_8,4
95,1071,7.21,Product_2,1
65,1072,8.95,Product_2,4
7,1073,43.99,Product_4,4
88,1074,10.62,Product_10,1
81,1075,13.47,Product_2,3
57,1076,19.78,Product_4,3
70,1077,13.32,Product_6,2
26,1078,48.21,Product_6,2
22,1079,34.55,Product_10,2
85,1080,28.71,Product_3,5
29,1081,21.22,Product_6,1
62,1082,31.78,Product_1,2
31,1083,17.54,Product_8,5
80,1084,44.68,Product_7,5
77,1085,23.51,Product_8,2
60,1086,38.12,Product_3,4
76,1087,28.93,Product_5,1
69,1088,49.62,Product_2,3
45,1089,12.24,Product_1,1
66,1090,34.56,Product_10,2
39,1091,42.44,Product_9,5
88,1092,31.55,Product_6,1
41,1093,25.14,Product_1,5
8,1094,11.77,Product_6,4
89,1095,47.22,Product_5,4
80,1096,16.31,Product_9,1
92,1097,31.12,Product_6,3
4,1098,15.06,Product_8,5
78,1099,42.82,Product_2,1
72,1100,13.97,Product_2,2
45,1101,44.95,Product_1,2
25,1102,11.04,Product_1,3
73,1103,8.48,Product_2,1
53,1104,44.75,Product_5,4
5,1105,45.29,Product_8,3
17,1106,49.43,Product_10,5
77,1107,7.09,Product_3,3
48,1108,11.39,Product_6,2
13,1109,35.52,Product_10,1
97,1110,7.17,Product_5,2
30,1111,14.96,Product_10,4
57,1112,49.36,Product_8,3
40,1113,28.91,Product_6,3
16,1114,18.91,Product_2,5
60,1115,43.26,Product_3,1
5,1116,41.91,Product_10,2
44,1117,27.24,Product_7,4
47,1118,34.98,Product_7,4
2,1119,18.37,Product_5,5
29,1120,39.91,Product_6,3
93,1121,7.79,Product_8,3
48,1122,16.26,Product_5,2
28,1123,17.75,Product_10,1
10,1124,21.04,Product_2,1
7,1125,6.59,Product_9,2
76,1126,42.37,Product_7,3
81,1127,44.73,Product_6,4
95,1128,16.4,Product_1,4
91,1129,16.94,Product_10,3
36,1130,42.34,Product_3,3
25,1131,20.44,Product_10,5
87,1132,24.16,Product_7,5
91,1133,32.69,Product_2,2
21,1134,28.75,Product_7,2
53,1135,39.18,Product_3,5
30,1136,10.41,Product_1,3
4,1137,6.62,Product_1,4
58,1138,14.08,Product_9,5
90,1139,39.87,Product_6,4
39,1140,13.78,Product_1,4
56,1141,25.15,Product_1,4
39,1142,46.51,Product_9,1
34,1143,46.08,Product_7,1
77,1144,26.41,Product_8,2
14,1145,44.9,Product_5,4
93,1146,34.86,Product_8,3
30,1147,17.27,Product_4,3
41,1148,11.11,Product_3,2
22,1149,27.07,Product_4,2
63,1150,32.53,Product_7,1
25,1151,30.72,Product_6,5
78,1152,24.64,Product_9,1
35,1153,14.31,Product_1,3
58,1154,37.89,Product_10,4
40,1155,5.56,Product_2,5
98,1156,10.26,Product_10,3
40,1157,26.2,Product_10,1
48,1158,37.72,Product_2,2
4,1159,48.61,Product_5,4
58,1160,34.81,Product_2,1
29,1161,17.59,Product_3,2
22,1162,38.26,Product_6,4
32,1163,26.63,Product_3,3
71,1164,6.03,Product_9,4
58,1165,10.64,Product_1,2
56,1166,32.34,Product_4,5
78,1167,35.75,Product_5,4
97,1168,40.21,Product_10,2
93,1169,40.9,Product_4,1
83,1170,40.17,Product_8,2
98,1171,22.36,Product_8,5
12,1172,28.28,Product_6,1
90,1173,21.34,Product_6,4
16,1174,29.38,Product_7,1
33,1175,23.16,Product_2,5
77,1176,38.61,Product_8,2
14,1177,34.2,Product_6,5
32,1178,44.59,Product_1,4
11,1179,11.33,Product_1,5
96,1180,21.78,Product_6,4
19,1181,14.1,Product_2,5
60,1182,36.97,Product_10,1
75,1183,45.37,Product_6,5
93,1184,6.1,Product_1,5
72,1185,32.88,Product_4,2
15,1186,42.43,Product_1,3
3,1187,25.13,Product_5,1
23,1188,28.03,Product_5,1
60,1189,46.15,Product_10,5
16,1190,15.24,Product_4,5
13,1191,5.63,Product_1,4
91,1192,33.89,Product_3,3
87,1193,32.64,Product_2,5
57,1194,19.68,Product_5,2
2,1195,14.99,Product_9,5
33,1196,7.19,Product_8,5
71,1197,44.52,Product_8,3
78,1198,46.4,Product_10,3
88,1199,18.17,Product_3,4
81,1200,15.33,Product_2,4
14,1201,27.68,Product_1,5
66,1202,18.25,Product_3,3
94,1203,12.59,Product_5,2
71,1204,34.06,Product_2,1
23,1205,40.54,Product_5,1
71,1206,49.78,Product_7,1
89,1207,13.74,Product_9,4
28,1208,48.22,Product_3,3
90,1209,31.9,Product_1,3
88,1210,28.78,Product_1,5
36,1211,29.6,Product_3,1
41,1212,7.17,Product_1,5
56,1213,31.62,Product_9,1
12,1214,26.91,Product_10,2
56,1215,14.04,Product_9,1
29,1216,22.48,Product_2,5
7,1217,46.96,Product_2,3
11,1218,34.87,Product_7,4
91,1219,34.13,Product_6,2
79,1220,33.99,Product_9,2
87,1221,11.91,Product_1,4
7,1222,5.03,Product_2,1
7,1223,16.29,Product_3,3
15,1224,15.34,Product_10,1
64,1225,11.8,Product_8,3
65,1226,27.9,Product_5,2
41,1227,45.26,Product_8,5
65,1228,28.74,Product_8,3
39,1229,39.35,Product_7,3
98,1230,47.13,Product_3,5
35,1231,19.94,Product_10,1
60,1232,12.22,Product_9,3
91,1233,44.43,Product_9,2
16,1234,29.98,Product_1,2
90,1235,27.69,Product_7,3
44,1236,6.14,Product_5,4
83,1237,44.72,Product_10,1
35,1238,38.91,Product_6,4
35,1239,43.19,Product_3,2
39,1240,38.73,Product_7,4
80,1241,24.24,Product_5,3
40,1242,46.33,Product_5,4
69,1243,41.45,Product_8,1
58,1244,37.11,Product_4,3
20,1245,29.46,Product_4,3
54,1246,27.57,Product_9,3
42,1247,5.96,Product_4,2
90,1248,40.06,Product_6,5
57,1249,35.94,Product_3,2
14,1250,36.91,Product_3,5
92,1251,6.91,Product_5,5
29,1252,24.54,Product_6,5
62,1253,12.78,Product_1,3
61,1254,47.89,Product_2,1
37,1255,44.06,Product_9,3
69,1256,19.54,Product_6,5
70,1257,9.56,Product_5,4
1,1258,46.32,Product_10,1
90,1259,26.93,Product_1,1
50,1260,45.78,Product_3,1
1,1261,37.82,Product_7,3
24,1262,41.67,Product_7,4
51,1263,9.63,Product_5,1
62,1264,8.11,Product_7,3
54,1265,16.02,Product_1,2
81,1266,27.18,Product_3,1
73,1267,9.04,Product_9,2
92,1268,13.98,Product_1,5
63,1269,8.5,Product_6,4
89,1270,39.16,Product_2,4
63,1271,32.03,Product_1,4
15,1272,26.46,Product_9,5
10,1273,13.48,Product_9,4
30,1274,14.44,Product_5,1
92,1275,8.5,Product_6,4
85,1276,10.48,Product_10,4
77,1277,19.22,Product_7,5
40,1278,21.72,Product_6,3
8,1279,33.39,Product_10,3
90,1280,15.22,Product_4,5
93,1281,23.2,Product_10,3
67,1282,31.97,Product_8,3
97,1283,5.44,Product_10,2
79,1284,6.72,Product_5,5
62,1285,21.87,Product_10,3
37,1286,22.24,Product_6,3
93,1287,33.39,Product_5,1
36,1288,42.26,Product_5,5
37,1289,13.42,Product_4,5
64,1290,40.36,Product_5,4
26,1291,39.15,Product_1,5
63,1292,29.36,Product_10,5
41,1293,45.16,Product_3,3
66,1294,7.1,Product_3,2
45,1295,14.26,Product_5,1
12,1296,6.9,Product_7,2
21,1297,18.9,Product_7,2
34,1298,14.64,Product_3,4
84,1299,6.61,Product_6,4
75,1300,42.92,Product_10,5
14,1301,37.77,Product_5,2
6,1302,45.64,Product_7,2
50,1303,10.65,Product_4,3
93,1304,40.69,Product_5,2
29,1305,45.45,Product_1,5
54,1306,15.15,Product_6,2
74,1307,10.88,Product_3,4
97,1308,8.3,Product_3,4
59,1309,40.74,Product_1,2
15,1310,44.01,Product_8,1
21,1311,28.14,Product_1,5
72,1312,46.3,Product_2,2
54,1313,17.52,Product_4,3
81,1314,14.75,Product_5,2
54,1315,15.09,Product_6,3
57,1316,25.97,Product_4,2
51,1317,16.22,Product_9,4
71,1318,19.43,Product_6,1
4,1319,20.03,Product_5,4
81,1320,34.32,Product_8,4
85,1321,31.35,Product_10,1
86,1322,18.33,Product_8,5
71,1323,46.48,Product_9,5
73,1324,20.64,Product_7,3
100,1325,25.95,Product_10,4
46,1326,5.51,Product_8,5
59,1327,7.33,Product_7,4
37,1328,16.48,Product_7,3
33,1329,36.52,Product_1,4
33,1330,48.19,Product_5,4
44,1331,14.79,Product_4,5
12,1332,28.46,Product_5,4
16,1333,46.54,Product_2,3
87,1334,49.8,Product_5,4
94,1335,31.58,Product_7,1
82,1336,16.24,Product_8,5
61,1337,40.77,Product_5,2
47,1338,42.65,Product_2,1
76,1339,22.21,Product_9,3
52,1340,19.3,Product_2,1
61,1341,24.06,Product_4,5
74,1342,14.38,Product_1,5
7,1343,21.7,Product_5,2
48,1344,41.19,Product_1,5
44,1345,21.71,Product_3,3
27,1346,9.52,Product_8,3
57,1347,28.49,Product_5,1
1,1348,19.42,Product_1,3
17,1349,46.21,Product_6,3
67,1350,10.15,Product_8,2
60,1351,9.56,Product_3,3
74,1352,28.03,Product_3,1
52,1353,41.02,Product_4,5
27,1354,48.71,Product_5,2
15,1355,17.31,Product_10,1
1,1356,30.19,Product_6,4
38,1357,46.68,Product_6,5
38,1358,29.54,Product_8,1
37,1359,30.19,Product_5,5
90,1360,5.26,Product_9,5
67,1361,5.93,Product_8,5
52,1362,8.7,Product_2,2
80,1363,20.82,Product_10,4
44,1364,35.94,Product_9,2
70,1365,18.05,Product_2,2
70,1366,17.11,Product_9,2
95,1367,8.76,Product_5,3
87,1368,30.63,Product_9,4
32,1369,48.88,Product_1,1
51,1370,12.93,Product_1,1
16,1371,5.31,Product_4,3
50,1372,37.6,Product_7,4
7,1373,44.58,Product_6,1
31,1374,26.68,Product_5,3
59,1375,20.94,Product_1,2
78,1376,13.13,Product_9,1
40,1377,32.54,Product_10,4
88,1378,6.74,Product_3,3
37,1379,36.36,Product_8,3
45,1380,20.05,Product_2,5
94,1381,46.43,Product_9,2
75,1382,22.09,Product_7,2
24,1383,22.24,Product_7,5
56,1384,10.14,Product_10,5
47,1385,41.76,Product_8,2
76,1386,44.55,Product_5,5
47,1387,14.32,Product_4,2
29,1388,14.95,Product_1,3
84,1389,17.6,Product_2,5
80,1390,19.63,Product_2,4
13,1391,6.82,Product_7,4
11,1392,28.53,Product_3,4
17,1393,42.26,Product_6,5
43,1394,28.59,Product_9,4
14,1395,20.72,Product_2,5
83,1396,10.21,Product_2,3
90,1397,18.63,Product_7,2
50,1398,17.74,Product_6,5
30,1399,29.04,Product_1,4
84,1400,41.8,Product_4,5
10,1401,18.93,Product_6,5
26,1402,35.17,Product_8,2
39,1403,34.13,Product_10,4
64,1404,49.3,Product_9,3
35,1405,34.53,Product_3,3
86,1406,30.93,Product_9,4
97,1407,20.57,Product_4,4
73,1408,33.33,Product_2,1
70,1409,12.9,Product_4,1
62,1410,10.31,Product_5,4
89,1411,43.72,Product_6,1
64,1412,33.66,Product_10,4
27,1413,47.19,Product_8,1
98,1414,29.3,Product_3,3
24,1415,47.32,Product_4,2
79,1416,9.4,Product_3,1
1,1417,22.4,Product_6,1
97,1418,6.4,Product_5,5
84,1419,24.5,Product_2,2
7,1420,43.5,Product_3,1
64,1421,30.91,Product_4,3
29,1422,33.45,Product_5,2
40,1423,6.97,Product_2,2
2,1424,49.73,Product_7,1
58,1425,49.32,Product_4,3
99,1426,42.46,Product_3,4
4,1427,20.51,Product_9,4
90,1428,8.89,Product_9,3
23,1429,24.08,Product_1,3
89,1430,28.82,Product_1,4
73,1431,42.41,Product_4,1
56,1432,12.29,Product_7,1
87,1433,43.81,Product_7,5
58,1434,12.78,Product_2,4
37,1435,11.28,Product_5,3
78,1436,24.91,Product_9,5
38,1437,47.59,Product_7,5
96,1438,38.17,Product_2,3
29,1439,47.64,Product_3,1
25,1440,12.66,Product_1,5
75,1441,40.59,Product_1,4
24,1442,39.33,Product_4,3
78,1443,41.46,Product_6,4
77,1444,22.33,Product_4,3
52,1445,47.08,Product_1,1
72,1446,21.33,Product_9,4
33,1447,16.7,Product_8,5
43,1448,42.39,Product_1,4
83,1449,44.96,Product_9,2
27,1450,37.7,Product_7,3
47,1451,9.8,Product_5,1
91,1452,6.09,Product_3,2
33,1453,45.93,Product_3,3
20,1454,46.41,Product_7,1
5,1455,12.43,Product_6,1
78,1456,48.78,Product_8,3
2,1457,49.93,Product_1,5
31,1458,13.25,Product_4,4
84,1459,9.54,Product_5,3
30,1460,27.4,Product_5,1
5,1461,18.24,Product_1,4
49,1462,5.45,Product_10,5
91,1463,44.12,Product_1,5
15,1464,49.67,Product_9,5
16,1465,30.42,Product_3,4
79,1466,35.96,Product_5,5
91,1467,41.39,Product_10,4
79,1468,13.89,Product_8,3
59,1469,19.32,Product_7,4
58,1470,42.73,Product_3,5
45,1471,28.66,Product_2,3
44,1472,34.75,Product_8,1
19,1473,37.41,Product_2,3
33,1474,25.28,Product_9,2
37,1475,8.57,Product_5,3
37,1476,38.17,Product_3,3
16,1477,34.97,Product_10,2
72,1478,44.84,Product_1,3
18,1479,24.46,Product_6,5
28,1480,8.35,Product_9,4
88,1481,17.32,Product_8,2
66,1482,6.96,Product_4,2
89,1483,14.66,Product_3,5
65,1484,17.72,Product_2,2
37,1485,11.82,Product_9,4
30,1486,18.98,Product_1,4
43,1487,37.35,Product_2,1
88,1488,16.37,Product_3,1
35,1489,47.57,Product_8,3
75,1490,23.52,Product_10,3
74,1491,28.39,Product_2,3
36,1492,19.39,Product_5,1
87,1493,46.29,Product_2,3
21,1494,13.01,Product_7,5
97,1495,5.8,Product_2,4
64,1496,43.99,Product_9,2
3,1497,25.28,Product_4,3
54,1498,47.37,Product_1,1
34,1499,11.22,Product_4,2
90,1500,21.91,Product_9,1
66,1501,41.49,Product_10,5
99,1502,32.73,Product_1,4
51,1503,5.67,Product_8,5
40,1504,23.51,Product_5,1
4,1505,47.17,Product_8,5
1,1506,9.49,Product_10,1
39,1507,45.36,Product_6,1
91,1508,32.65,Product_2,4
50,1509,5.62,Product_4,3
88,1510,20.71,Product_1,2
85,1511,21.24,Product_10,5
76,1512,26.8,Product_8,3
29,1513,47.38,Product_8,2
28,1514,5.24,Product_6,4
18,1515,22.61,Product_10,1
6,1516,23.86,Product_10,3
70,1517,24.71,Product_1,5
4,1518,29.91,Product_2,1
2,1519,27.82,Product_1,4
5,1520,7.6,Product_2,5
68,1521,19.1,Product_7,1
68,1522,37.4,Product_8,3
93,1523,23.49,Product_1,5
80,1524,41.42,Product_8,2
70,1525,29.18,Product_4,2
13,1526,14.17,Product_9,3
54,1527,12.57,Product_4,2
44,1528,47.26,Product_7,3
17,1529,12.03,Product_9,1
81,1530,34.38,Product_10,1
78,1531,17.35,Product_10,3
75,1532,47.58,Product_7,1
33,1533,10.65,Product_2,4
86,1534,9.38,Product_6,3
52,1535,10.75,Product_3,2
60,1536,49.7,Product_10,2
55,1537,8.65,Product_7,4
48,1538,27.94,Product_4,3
8,1539,23.86,Product_7,3
90,1540,26.92,Product_1,3
96,1541,42.81,Product_4,4
40,1542,24.06,Product_10,4
92,1543,38.74,Product_1,2
64,1544,6.66,Product_7,2
66,1545,15.56,Product_3,1
10,1546,12.64,Product_5,4
59,1547,33.42,Product_8,4
82,1548,41.01,Product_8,2
99,1549,37.01,Product_10,2
72,1550,35.91,Product_5,5
8,1551,18.05,Product_7,4
58,1552,6.63,Product_1,3
75,1553,29.84,Product_9,2
70,1554,46.73,Product_5,4
10,1555,39.15,Product_3,3
14,1556,33.48,Product_10,1
5,1557,29.97,Product_4,2
37,1558,12.2,Product_1,3
70,1559,34.79,Product_7,2
54,1560,7.23,Product_9,5
28,1561,44.49,Product_3,2
66,1562,45.35,Product_2,2
38,1563,35.02,Product_4,5
30,1564,6.67,Product_3,5
7,1565,20.91,Product_1,5
62,1566,12.75,Product_6,4
52,1567,17.54,Product_4,4
13,1568,44.88,Product_7,4
34,1569,21.34,Product_6,3
92,1570,13.6,Product_9,2
87,1571,38.73,Product_4,1
72,1572,11.38,Product_2,3
14,1573,29.01,Product_7,2
60,1574,22.01,Product_7,3
88,1575,35.94,Product_5,3
53,1576,30.87,Product_7,5
93,1577,23.82,Product_1,1
83,1578,25.75,Product_9,2
83,1579,43.45,Product_7,3
44,1580,30.71,Product_6,3
65,1581,6.1,Product_8,2
38,1582,46.55,Product_7,4
58,1583,21.63,Product_2,5
72,1584,23.99,Product_8,2
33,1585,31.11,Product_6,1
89,1586,23.77,Product_7,1
68,1587,40.44,Product_6,1
94,1588,5.25,Product_8,5
19,1589,14.01,Product_10,2
30,1590,30.0,Product_7,1
92,1591,14.72,Product_3,3
21,1592,45.21,Product_7,2
61,1593,7.07,Product_7,5
85,1594,16.85,Product_8,1
68,1595,35.26,Product_5,2
27,1596,6.92,Product_5,4
13,1597,31.83,Product_2,2
94,1598,35.16,Product_4,2
81,1599,23.85,Product_3,1
68,1600,41.2,Product_9,3
64,1601,43.9,Product_4,3
6,1602,32.61,Product_10,3
92,1603,35.28,Product_6,5
82,1604,37.06,Product_9,1
69,1605,47.75,Product_2,4
99,1606,29.41,Product_3,2
84,1607,43.74,Product_1,2
97,1608,31.77,Product_4,3
95,1609,49.3,Product_8,3
30,1610,14.97,Product_8,1
87,1611,20.78,Product_9,3
91,1612,35.05,Product_4,1
29,1613,42.45,Product_9,4
31,1614,47.6,Product_4,2
1,1615,30.5,Product_7,1
96,1616,19.28,Product_1,5
98,1617,41.34,Product_4,3
65,1618,9.31,Product_5,3
14,1619,30.75,Product_1,3
13,1620,8.04,Product_4,3
24,1621,28.92,Product_1,5
42,1622,35.08,Product_2,1
68,1623,22.88,Product_4,1
89,1624,27.14,Product_10,4
71,1625,15.16,Product_5,2
54,1626,7.17,Product_7,1
56,1627,36.53,Product_4,2
36,1628,10.97,Product_10,4
57,1629,46.25,Product_10,1
82,1630,25.94,Product_1,4
82,1631,42.93,Product_3,3
36,1632,13.22,Product_1,5
91,1633,24.74,Product_9,1
40,1634,13.31,Product_9,5
27,1635,35.42,Product_10,4
18,1636,5.46,Product_10,2
95,1637,36.34,Product_9,4
41,1638,17.47,Product_7,4
17,1639,40.73,Product_6,5
15,1640,25.04,Product_9,2
55,1641,17.3,Product_1,3
21,1642,13.75,Product_6,1
25,1643,38.06,Product_5,2
67,1644,37.79,Product_3,4
19,1645,47.98,Product_10,1
47,1646,7.41,Product_8,2
41,1647,47.68,Product_5,1
46,1648,37.64,Product_7,2
79,1649,49.23,Product_7,3
52,1650,49.97,Product_3,3
97,1651,19.13,Product_10,5
31,1652,11.08,Product_6,5
37,1653,44.41,Product_10,5
42,1654,13.58,Product_10,1
68,1655,17.65,Product_3,4
37,1656,17.78,Product_1,2
1,1657,41.98,Product_8,3
66,1658,13.29,Product_3,1
8,1659,30.36,Product_3,5
73,1660,7.61,Product_9,3
25,1661,14.05,Product_9,3
32,1662,43.2,Product_5,4
92,1663,29.38,Product_2,3
87,1664,17.58,Product_4,1
93,1665,39.03,Product_10,5
47,1666,39.04,Product_3,1
62,1667,30.83,Product_2,2
45,1668,16.58,Product_1,2
26,1669,15.12,Product_1,3
86,1670,15.75,Product_7,3
49,1671,30.31,Product_2,3
24,1672,29.44,Product_4,1
78,1673,18.26,Product_5,3
6,1674,37.54,Product_3,1
6,1675,39.8,Product_10,1
12,1676,44.32,Product_3,2
86,1677,23.07,Product_4,5
16,1678,45.29,Product_9,2
41,1679,43.41,Product_4,2
56,1680,26.26,Product_3,1
32,1681,28.95,Product_8,5
76,1682,20.09,Product_10,4
32,1683,8.91,Product_4,2
2,1684,13.32,Product_1,5
62,1685,26.42,Product_3,5
10,1686,29.82,Product_10,3
44,1687,34.43,Product_9,1
16,1688,35.67,Product_3,3
30,1689,20.71,Product_1,3
54,1690,28.07,Product_7,2
95,1691,44.83,Product_4,4
53,1692,22.68,Product_7,1
82,1693,19.12,Product_8,3
5,1694,28.54,Product_9,3
97,1695,37.16,Product_7,1
67,1696,16.46,Product_9,3
97,1697,10.18,Product_5,4
4,1698,24.26,Product_7,2
34,1699,34.03,Product_10,5
67,1700,46.04,Product_3,5
5,1701,7.73,Product_7,5
98,1702,19.81,Product_4,1
88,1703,8.18,Product_7,4
71,1704,33.46,Product_3,3
94,1705,6.8,Product_3,5
3,1706,37.3,Product_1,1
68,1707,17.98,Product_2,1
35,1708,29.93,Product_8,1
51,1709,26.35,Product_9,1
99,1710,38.55,Product_10,1
65,1711,23.73,Product_10,2
27,1712,44.56,Product_9,4
85,1713,20.27,Product_7,2
72,1714,17.78,Product_9,3
62,1715,6.78,Product_8,4
29,1716,26.64,Product_7,1
95,1717,29.56,Product_5,2
4,1718,15.32,Product_7,5
95,1719,18.17,Product_6,4
83,1720,14.03,Product_7,1
49,1721,39.34,Product_5,2
66,1722,39.74,Product_9,1
72,1723,10.74,Product_9,2
34,1724,19.88,Product_3,3
59,1725,27.83,Product_3,4
42,1726,43.48,Product_3,4
99,1727,42.29,Product_7,2
94,1728,25.75,Product_6,3
74,1729,30.33,Product_2,4
28,1730,16.59,Product_2,2
52,1731,6.32,Product_8,2
25,1732,36.32,Product_9,5
57,1733,41.16,Product_6,3
54,1734,31.97,Product_2,5
99,1735,15.04,Product_5,2
70,1736,25.27,Product_1,2
11,1737,18.68,Product_9,5
42,1738,39.37,Product_6,4
32,1739,40.11,Product_9,4
87,1740,14.19,Product_10,1
22,1741,12.96,Product_4,5
74,1742,40.33,Product_1,4
25,1743,26.27,Product_10,2
33,1744,12.32,Product_4,5
82,1745,12.09,Product_4,4
95,1746,27.43,Product_4,2
3,1747,38.57,Product_3,3
75,1748,25.99,Product_2,4
9,1749,45.92,Product_8,1
2,1750,29.72,Product_6,2
51,1751,49.35,Product_8,3
57,1752,31.86,Product_10,4
41,1753,47.78,Product_5,5
21,1754,17.87,Product_10,2
52,1755,19.37,Product_4,1
100,1756,48.37,Product_7,3
36,1757,47.85,Product_5,1
81,1758,44.95,Product_4,4
51,1759,27.09,Product_9,3
28,1760,40.79,Product_9,2
39,1761,18.63,Product_4,5
61,1762,45.54,Product_8,2
15,1763,27.87,Product_3,4
48,1764,41.67,Product_7,1
78,1765,25.39,Product_2,4
86,1766,39.15,Product_1,3
66,1767,36.8,Product_9,4
19,1768,45.57,Product_9,2
5,1769,15.43,Product_6,1
12,1770,46.49,Product_10,3
15,1771,45.72,Product_6,1
29,1772,48.55,Product_5,1
30,1773,23.63,Product_3,4
34,1774,9.85,Product_6,3
77,1775,23.3,Product_6,4
2,1776,16.6,Product_10,4
67,1777,48.1,Product_6,3
54,1778,16.5,Product_1,2
16,1779,36.06,Product_4,1
78,1780,30.13,Product_1,2
14,1781,35.06,Product_3,1
33,1782,18.19,Product_7,3
52,1783,9.02,Product_1,3
37,1784,48.05,Product_6,3
17,1785,12.3,Product_8,2
54,1786,9.48,Product_7,5
55,1787,29.72,Product_8,1
10,1788,19.03,Product_8,2
38,1789,23.06,Product_9,3
95,1790,8.79,Product_4,3
62,1791,49.07,Product_10,5
20,1792,25.02,Product_8,3
49,1793,36.52,Product_8,4
23,1794,35.48,Product_10,2
79,1795,21.13,Product_9,2
56,1796,36.01,Product_8,2
69,1797,44.33,Product_9,2
67,1798,38.39,Product_4,5
58,1799,19.76,Product_1,5
49,1800,43.18,Product_9,5
9,1801,8.02,Product_9,4
22,1802,24.05,Product_2,4
72,1803,11.15,Product_7,3
78,1804,41.56,Product_9,1
11,1805,10.8,Product_2,5
16,1806,42.68,Product_6,4
35,1807,14.74,Product_9,4
21,1808,18.35,Product_3,4
92,1809,8.45,Product_4,5
78,1810,22.35,Product_5,4
32,1811,13.44,Product_1,5
43,1812,27.82,Product_5,2
27,1813,43.93,Product_7,4
35,1814,30.43,Product_10,2
83,1815,12.5,Product_9,4
17,1816,11.69,Product_9,2
48,1817,26.91,Product_4,3
3,1818,23.24,Product_5,3
89,1819,40.64,Product_10,4
59,1820,40.7,Product_3,1
22,1821,34.99,Product_6,1
79,1822,36.45,Product_8,5
92,1823,46.93,Product_3,4
68,1824,8.44,Product_1,3
40,1825,17.15,Product_7,5
52,1826,35.73,Product_8,3
57,1827,15.18,Product_7,4
2,1828,33.03,Product_6,5
100,1829,10.9,Product_3,4
5,1830,17.5,Product_1,2
18,1831,45.97,Product_4,2
38,1832,27.68,Product_10,5
79,1833,16.55,Product_1,1
68,1834,19.12,Product_9,4
93,1835,49.67,Product_8,5
75,1836,12.09,Product_3,3
56,1837,41.82,Product_9,2
51,1838,49.38,Product_2,4
23,1839,47.07,Product_5,4
13,1840,13.46,Product_6,4
2,1841,36.23,Product_10,1
26,1842,32.32,Product_8,4
34,1843,41.98,Product_1,3
25,1844,14.09,Product_6,3
42,1845,40.56,Product_1,2
14,1846,6.99,Product_1,3
27,1847,32.08,Product_6,5
83,1848,25.31,Product_7,1
29,1849,5.57,Product_5,1
72,1850,8.28,Product_7,2
20,1851,6.89,Product_7,1
78,1852,31.18,Product_9,3
24,1853,17.3,Product_9,3
10,1854,6.69,Product_10,2
94,1855,12.78,Product_2,1
20,1856,12.36,Product_10,2
28,1857,7.03,Product_8,4
20,1858,47.52,Product_3,1
36,1859,35.6,Product_9,3
100,1860,24.63,Product_3,2
70,1861,27.27,Product_6,1
37,1862,28.85,Product_9,3
5,1863,9.06,Product_7,1
79,1864,15.81,Product_5,3
61,1865,29.51,Product_7,5
27,1866,21.09,Product_10,1
83,1867,16.31,Product_8,2
61,1868,36.82,Product_6,5
87,1869,22.58,Product_3,3
80,1870,12.23,Product_8,1
46,1871,13.97,Product_3,2
56,1872,34.85,Product_5,4
83,1873,30.28,Product_8,1
83,1874,29.93,Product_2,2
11,1875,15.45,Product_9,4
69,1876,21.46,Product_1,5
95,1877,47.97,Product_7,2
55,1878,8.75,Product_9,4
57,1879,30.02,Product_1,2
2,1880,36.19,Product_2,5
100,1881,13.01,Product_9,3
91,1882,41.63,Product_6,1
43,1883,18.16,Product_4,1
50,1884,32.81,Product_7,4
2,1885,9.69,Product_3,4
69,1886,32.72,Product_9,5
63,1887,32.97,Product_6,3
52,1888,11.11,Product_10,3
64,1889,45.78,Product_2,3
85,1890,17.56,Product_1,5
54,1891,42.42,Product_2,2
48,1892,16.29,Product_7,4
97,1893,25.99,Product_5,1
7,1894,14.95,Product_2,1
61,1895,30.92,Product_4,2
87,1896,46.63,Product_2,5
42,1897,34.84,Product_5,2
99,1898,13.55,Product_4,5
17,1899,18.12,Product_2,4
46,1900,44.95,Product_8,5
76,1901,45.67,Product_2,2
55,1902,34.87,Product_7,5
74,1903,40.31,Product_5,4
65,1904,18.24,Product_1,1
70,1905,49.43,Product_6,4
19,1906,10.37,Product_1,5
61,1907,5.11,Product_1,4
15,1908,48.59,Product_6,1
30,1909,27.54,Product_3,3
43,1910,27.87,Product_3,2
71,1911,23.6,Product_5,3
83,1912,39.88,Product_7,1
20,1913,13.59,Product_7,5
38,1914,21.24,Product_10,3
93,1915,13.86,Product_2,5
39,1916,13.6,Product_2,1
45,1917,42.02,Product_6,5
80,1918,18.17,Product_4,1
72,1919,22.83,Product_6,2
57,1920,15.38,Product_2,1
19,1921,49.27,Product_10,2
50,1922,29.85,Product_2,3
43,1923,48.4,Product_3,3
57,1924,34.44,Product_6,1
88,1925,49.66,Product_2,2
96,1926,11.79,Product_2,3
100,1927,32.54,Product_6,4
89,1928,17.08,Product_8,1
63,1929,40.64,Product_10,2
64,1930,39.19,Product_7,1
46,1931,16.73,Product_10,4
64,1932,24.39,Product_7,3
83,1933,13.36,Product_3,3
100,1934,23.26,Product_9,2
83,1935,15.39,Product_10,4
80,1936,30.72,Product_5,2
33,1937,28.79,Product_4,1
38,1938,19.09,Product_3,4
27,1939,13.59,Product_9,1
34,1940,13.85,Product_3,4
39,1941,24.19,Product_4,2
10,1942,18.68,Product_5,3
77,1943,32.68,Product_10,3
96,1944,22.28,Product_8,5
26,1945,40.34,Product_10,1
80,1946,22.64,Product_3,4
15,1947,28.51,Product_10,2
17,1948,49.14,Product_7,4
63,1949,11.49,Product_9,3
93,1950,25.69,Product_3,2
35,1951,32.64,Product_1,1
27,1952,44.24,Product_4,4
60,1953,12.71,Product_10,3
21,1954,40.49,Product_6,2
65,1955,22.3,Product_3,3
99,1956,24.82,Product_1,1
91,1957,47.48,Product_7,3
37,1958,12.39,Product_4,3
41,1959,29.47,Product_8,5
46,1960,25.83,Product_1,5
35,1961,49.91,Product_2,5
86,1962,10.52,Product_8,1
24,1963,45.56,Product_8,4
80,1964,49.26,Product_1,2
10,1965,20.11,Product_4,2
88,1966,32.13,Product_1,4
40,1967,10.14,Product_10,3
49,1968,49.35,Product_6,3
46,1969,30.34,Product_1,2
87,1970,38.32,Product_10,5
98,1971,32.57,Product_7,4
45,1972,7.29,Product_2,3
33,1973,17.14,Product_8,2
16,1974,37.97,Product_6,1
20,1975,36.22,Product_1,1
92,1976,45.3,Product_3,4
88,1977,30.04,Product_1,1
92,1978,27.05,Product_1,3
74,1979,35.73,Product_2,1
73,1980,20.68,Product_6,1
24,1981,20.73,Product_6,4
100,1982,23.73,Product_7,4
12,1983,18.48,Product_6,4
60,1984,41.39,Product_3,4
51,1985,10.4,Product_2,2
65,1986,30.9,Product_4,5
83,1987,43.76,Product_6,3
74,1988,15.07,Product_10,1
69,1989,37.13,Product_5,3
13,1990,33.45,Product_10,2
75,1991,46.08,Product_10,5
66,1992,21.38,Product_3,4
17,1993,41.38,Product_5,4
60,1994,44.92,Product_5,2
2,1995,35.76,Product_3,4
27,1996,6.75,Product_1,4
3,1997,5.33,Product_6,3
4,1998,16.01,Product_4,5
24,1999,15.63,Product_9,3
66,2000,18.06,Product_9,5
54,2001,5.13,Product_9,5
90,2002,12.18,Product_2,5
28,2003,8.77,Product_7,5
78,2004,31.48,Product_7,3
50,2005,8.78,Product_8,1
80,2006,8.6,Product_3,2
100,2007,38.17,Product_6,5
12,2008,16.66,Product_4,2
69,2009,24.65,Product_7,3
42,2010,7.03,Product_8,4
56,2011,44.78,Product_6,1
31,2012,30.46,Product_1,1
79,2013,20.37,Product_10,3
20,2014,34.41,Product_9,3
13,2015,19.72,Product_9,5
32,2016,15.92,Product_6,1
84,2017,11.9,Product_2,3
11,2018,43.2,Product_2,1
30,2019,42.37,Product_8,5
92,2020,35.0,Product_10,3
60,2021,16.93,Product_9,1
33,2022,21.07,Product_5,3
29,2023,17.47,Product_2,5
48,2024,26.12,Product_6,2
22,2025,41.55,Product_7,2
40,2026,12.33,Product_7,1
37,2027,19.34,Product_4,4
85,2028,11.83,Product_4,2
76,2029,34.51,Product_4,4
23,2030,13.28,Product_5,2
42,2031,32.31,Product_5,5
70,2032,44.08,Product_7,4
31,2033,36.36,Product_4,3
70,2034,25.43,Product_3,3
25,2035,10.27,Product_9,2
76,2036,39.31,Product_8,4
30,2037,14.13,Product_3,2
53,2038,27.27,Product_7,5
16,2039,10.58,Product_1,5
91,2040,35.21,Product_7,4
8,2041,31.31,Product_10,5
76,2042,27.44,Product_6,3
52,2043,46.38,Product_9,5
10,2044,17.09,Product_10,1
4,2045,18.44,Product_6,5
37,2046,8.2,Product_2,5
41,2047,40.69,Product_1,4
6,2048,21.21,Product_4,1
99,2049,7.14,Product_9,1
93,2050,10.83,Product_10,3
41,2051,45.14,Product_10,4
81,2052,30.85,Product_4,4
19,2053,26.04,Product_2,5
58,2054,33.48,Product_10,3
28,2055,7.28,Product_7,3
81,2056,18.0,Product_5,4
23,2057,35.05,Product_1,1
65,2058,26.02,Product_5,3
34,2059,5.91,Product_8,1
73,2060,26.83,Product_4,3
1,2061,7.83,Product_6,3
92,2062,14.98,Product_10,4
13,2063,7.11,Product_10,2
25,2064,29.58,Product_1,5
3,2065,45.26,Product_3,5
37,2066,48.64,Product_5,2
32,2067,34.1,Product_4,4
33,2068,29.63,Product_1,2
88,2069,7.14,Product_1,4
72,2070,34.06,Product_6,1
23,2071,14.69,Product_4,4
39,2072,31.54,Product_5,2
47,2073,44.16,Product_10,5
10,2074,24.16,Product_6,1
66,2075,10.09,Product_2,4
47,2076,40.14,Product_4,4
3,2077,5.04,Product_4,4
72,2078,5.12,Product_5,3
11,2079,41.7,Product_10,1
73,2080,47.0,Product_3,4
68,2081,5.91,Product_2,1
17,2082,48.93,Product_6,2
71,2083,47.22,Product_2,5
18,2084,21.54,Product_9,2
73,2085,13.88,Product_8,4
42,2086,5.34,Product_9,5
13,2087,12.04,Product_5,3
68,2088,21.59,Product_6,2
10,2089,20.32,Product_10,5
95,2090,17.26,Product_8,3
44,2091,39.48,Product_9,1
99,2092,45.32,Product_7,5
80,2093,43.39,Product_7,1
62,2094,43.63,Product_7,2
32,2095,44.32,Product_1,3
80,2096,33.43,Product_7,4
56,2097,12.37,Product_6,1
60,2098,23.29,Product_5,5
19,2099,42.55,Product_7,5
98,2100,11.74,Product_1,3
14,2101,21.3,Product_2,4
2,2102,7.85,Product_1,2
24,2103,48.05,Product_3,2
9,2104,7.88,Product_4,5
11,2105,34.6,Product_4,1
66,2106,24.58,Product_1,3
77,2107,6.4,Product_5,2
48,2108,16.29,Product_9,3
33,2109,18.71,Product_7,4
63,2110,48.87,Product_7,1
1,2111,27.57,Product_7,5
72,2112,23.65,Product_2,5
96,2113,11.74,Product_10,3
74,2114,24.2,Product_4,2
17,2115,44.47,Product_6,3
96,2116,31.92,Product_10,2
62,2117,22.3,Product_2,2
38,2118,8.36,Product_5,1
12,2119,32.28,Product_10,2
89,2120,36.64,Product_8,3
23,2121,20.26,Product_2,2
55,2122,10.2,Product_3,4
58,2123,31.31,Product_3,4
21,2124,24.09,Product_6,5
77,2125,39.98,Product_9,5
67,2126,25.38,Product_4,3
55,2127,20.32,Product_9,5
96,2128,39.31,Product_9,3
17,2129,14.33,Product_10,1
10,2130,47.01,Product_2,2
95,2131,25.01,Product_6,1
18,2132,38.25,Product_3,4
24,2133,30.9,Product_3,3
30,2134,19.96,Product_1,2
59,2135,30.97,Product_6,5
87,2136,32.14,Product_9,4
49,2137,27.53,Product_4,1
78,2138,28.3,Product_7,4
92,2139,28.87,Product_7,2
43,2140,30.94,Product_10,4
38,2141,39.26,Product_10,2
70,2142,10.91,Product_2,5
95,2143,25.32,Product_5,3
80,2144,10.79,Product_9,3
7,2145,39.61,Product_3,4
20,2146,7.62,Product_4,4
68,2147,48.65,Product_9,1
2,2148,13.93,Product_9,4
88,2149,45.78,Product_9,1
13,2150,13.87,Product_1,5
83,2151,7.49,Product_3,5
78,2152,10.07,Product_10,1
62,2153,26.53,Product_4,3
90,2154,7.47,Product_8,5
53,2155,30.58,Product_8,4
42,2156,16.31,Product_5,3
50,2157,31.79,Product_4,2
47,2158,39.12,Product_2,1
48,2159,17.18,Product_7,4
61,2160,29.08,Product_7,5
74,2161,25.23,Product_6,2
81,2162,40.78,Product_10,5
16,2163,5.83,Product_9,2
1,2164,25.69,Product_5,4
43,2165,10.86,Product_2,4
70,2166,48.88,Product_5,4
97,2167,17.82,Product_5,3
26,2168,23.04,Product_6,1
59,2169,40.58,Product_2,2
48,2170,10.5,Product_7,5
64,2171,43.28,Product_3,2
12,2172,15.34,Product_10,3
87,2173,27.42,Product_9,3
27,2174,42.32,Product_2,4
15,2175,25.02,Product_7,5
89,2176,22.56,Product_4,5
41,2177,45.77,Product_10,2
21,2178,38.25,Product_5,5
74,2179,33.23,Product_10,2
7,2180,6.98,Product_1,4
40,2181,36.89,Product_7,5
17,2182,39.49,Product_2,2
39,2183,36.54,Product_4,4
51,2184,42.92,Product_9,5
41,2185,34.58,Product_3,4
59,2186,20.23,Product_8,3
76,2187,11.3,Product_6,1
79,2188,8.72,Product_9,1
13,2189,38.98,Product_5,4
96,2190,45.74,Product_7,5
16,2191,13.7,Product_5,3
14,2192,41.38,Product_9,2
44,2193,30.1,Product_2,2
67,2194,10.81,Product_8,3
95,2195,49.75,Product_8,4
65,2196,33.15,Product_8,5
47,2197,22.14,Product_4,2
22,2198,28.56,Product_7,1
24,2199,38.12,Product_5,4
68,2200,32.71,Product_3,4
73,2201,22.17,Product_10,5
33,2202,5.35,Product_3,1
91,2203,47.65,Product_9,4
61,2204,19.15,Product_3,3
37,2205,15.14,Product_7,3
62,2206,19.38,Product_6,4
79,2207,34.64,Product_9,5
93,2208,48.98,Product_2,2
41,2209,13.92,Product_5,2
65,2210,29.02,Product_5,3
35,2211,24.46,Product_7,2
42,2212,36.1,Product_7,2
31,2213,38.86,Product_10,2
90,2214,37.4,Product_5,4
29,2215,10.87,Product_6,1
33,2216,23.62,Product_4,4
76,2217,26.88,Product_6,3
95,2218,27.28,Product_2,5
74,2219,5.84,Product_4,2
40,2220,14.99,Product_10,5
26,2221,13.07,Product_7,5
28,2222,34.8,Product_5,4
58,2223,44.31,Product_2,1
21,2224,44.38,Product_10,1
53,2225,18.41,Product_5,1
60,2226,46.83,Product_7,4
35,2227,34.82,Product_9,2
59,2228,49.21,Product_5,3
43,2229,11.16,Product_10,5
41,2230,46.29,Product_8,4
58,2231,47.09,Product_7,2
34,2232,5.75,Product_10,4
13,2233,18.83,Product_6,1
48,2234,15.79,Product_3,4
19,2235,33.55,Product_6,1
12,2236,25.51,Product_1,1
10,2237,12.95,Product_3,5
8,2238,48.35,Product_2,1
33,2239,7.67,Product_9,3
87,2240,15.8,Product_7,4
3,2241,7.44,Product_4,5
91,2242,8.17,Product_7,5
32,2243,38.59,Product_1,1
35,2244,43.74,Product_10,5
18,2245,14.28,Product_1,1
65,2246,46.72,Product_3,1
40,2247,49.53,Product_4,1
66,2248,12.56,Product_4,4
57,2249,45.17,Product_10,5
83,2250,49.27,Product_2,1
14,2251,5.15,Product_1,3
75,2252,43.79,Product_4,3
100,2253,27.95,Product_10,3
77,2254,23.67,Product_2,2
48,2255,24.06,Product_1,5
86,2256,26.15,Product_5,4
7,2257,46.03,Product_5,5
53,2258,16.98,Product_7,2
16,2259,44.12,Product_9,2
92,2260,30.68,Product_1,5
53,2261,24.78,Product_1,1
53,2262,17.84,Product_1,4
14,2263,7.32,Product_1,2
7,2264,29.4,Product_10,4
37,2265,47.71,Product_8,4
22,2266,39.21,Product_3,2
95,2267,27.87,Product_6,1
32,2268,34.31,Product_6,1
83,2269,47.19,Product_8,1
72,2270,43.35,Product_10,4
38,2271,38.69,Product_4,2
32,2272,42.08,Product_7,5
61,2273,18.57,Product_9,2
47,2274,48.38,Product_1,2
61,2275,16.5,Product_10,2
23,2276,5.46,Product_8,3
79,2277,32.89,Product_8,3
68,2278,48.45,Product_8,4
93,2279,16.71,Product_10,3
4,2280,15.3,Product_6,2
89,2281,33.62,Product_2,4
28,2282,5.28,Product_1,2
85,2283,31.75,Product_1,5
22,2284,15.43,Product_7,3
16,2285,40.51,Product_3,3
7,2286,15.06,Product_3,3
14,2287,25.92,Product_4,4
52,2288,47.63,Product_9,4
89,2289,16.36,Product_6,5
19,2290,10.34,Product_4,5
70,2291,24.09,Product_4,2
2,2292,27.84,Product_6,5
33,2293,44.09,Product_9,4
77,2294,25.47,Product_10,1
53,2295,38.98,Product_1,1
5,2296,49.13,Product_1,1
61,2297,21.77,Product_7,5
52,2298,43.85,Product_8,4
12,2299,46.76,Product_7,1
40,2300,40.9,Product_8,5
54,2301,36.78,Product_7,4
79,2302,18.04,Product_3,3
58,2303,47.04,Product_1,4
54,2304,8.25,Product_5,4
45,2305,6.49,Product_3,3
99,2306,36.7,Product_8,5
35,2307,12.07,Product_4,3
96,2308,25.18,Product_1,5
7,2309,34.65,Product_3,3
53,2310,37.64,Product_9,5
20,2311,9.33,Product_5,2
42,2312,19.37,Product_3,3
62,2313,36.58,Product_10,5
35,2314,9.52,Product_7,4
11,2315,34.05,Product_3,4
25,2316,37.42,Product_4,1
26,2317,8.6,Product_7,1
81,2318,22.1,Product_6,5
5,2319,6.42,Product_2,4
64,2320,49.73,Product_1,5
44,2321,49.58,Product_1,2
68,2322,10.26,Product_6,4
65,2323,40.46,Product_2,3
56,2324,17.31,Product_7,4
98,2325,10.52,Product_9,2
66,2326,34.01,Product_1,5
82,2327,18.98,Product_4,3
51,2328,44.5,Product_6,5
77,2329,20.18,Product_3,2
27,2330,36.1,Product_1,4
41,2331,13.68,Product_5,4
41,2332,31.19,Product_6,2
7,2333,11.69,Product_4,4
16,2334,30.67,Product_9,1
1,2335,35.62,Product_9,3
60,2336,12.8,Product_8,2
94,2337,44.51,Product_10,1
49,2338,6.95,Product_6,5
100,2339,23.97,Product_1,3
41,2340,6.25,Product_7,1
85,2341,34.87,Product_10,5
47,2342,37.6,Product_3,3
66,2343,15.38,Product_10,3
27,2344,44.86,Product_5,4
70,2345,15.69,Product_2,2
84,2346,28.28,Product_2,5
36,2347,47.97,Product_7,1
75,2348,36.65,Product_6,5
21,2349,47.12,Product_2,2
36,2350,25.67,Product_5,5
86,2351,14.81,Product_7,3
76,2352,33.53,Product_6,5
64,2353,5.01,Product_8,4
78,2354,37.74,Product_3,2
84,2355,15.96,Product_9,1
56,2356,18.08,Product_5,1
13,2357,35.76,Product_5,4
31,2358,11.75,Product_9,3
35,2359,41.68,Product_5,4
59,2360,24.97,Product_5,4
16,2361,17.97,Product_10,5
97,2362,37.22,Product_7,2
34,2363,42.53,Product_8,2
30,2364,46.01,Product_8,1
44,2365,36.71,Product_1,3
50,2366,7.03,Product_1,1
85,2367,16.65,Product_5,3
68,2368,14.74,Product_2,2
14,2369,16.76,Product_5,4
52,2370,11.88,Product_3,5
55,2371,21.49,Product_4,3
42,2372,31.08,Product_2,1
31,2373,23.14,Product_3,2
30,2374,32.65,Product_10,1
23,2375,31.32,Product_7,4
90,2376,46.72,Product_5,1
91,2377,37.76,Product_2,1
42,2378,24.03,Product_4,1
37,2379,48.56,Product_10,2
45,2380,43.67,Product_1,4
61,2381,5.49,Product_3,2
22,2382,36.37,Product_9,1
76,2383,40.52,Product_8,3
27,2384,48.59,Product_7,5
15,2385,17.47,Product_1,4
54,2386,41.18,Product_3,4
100,2387,47.06,Product_7,1
84,2388,36.6,Product_4,4
84,2389,15.73,Product_1,5
56,2390,37.94,Product_4,3
80,2391,24.17,Product_9,2
27,2392,12.23,Product_3,4
14,2393,44.71,Product_1,2
80,2394,47.45,Product_10,5
13,2395,21.59,Product_3,4
86,2396,48.0,Product_2,3
93,2397,6.87,Product_7,1
87,2398,18.34,Product_7,3
9,2399,45.54,Product_8,4
10,2400,43.31,Product_3,3
93,2401,18.28,Product_9,5
70,2402,22.1,Product_4,3
95,2403,22.91,Product_8,1
11,2404,24.04,Product_2,2
41,2405,19.53,Product_2,5
60,2406,26.09,Product_9,3
40,2407,46.95,Product_1,5
69,2408,10.14,Product_10,3
74,2409,47.88,Product_5,3
78,2410,24.47,Product_10,3
29,2411,30.72,Product_6,3
56,2412,38.49,Product_1,4
81,2413,46.81,Product_1,2
46,2414,27.19,Product_1,3
7,2415,22.17,Product_9,4
49,2416,47.67,Product_10,3
89,2417,44.94,Product_8,1
79,2418,27.43,Product_5,2
24,2419,8.57,Product_2,2
72,2420,18.87,Product_8,5
83,2421,31.38,Product_2,4
91,2422,48.91,Product_10,2
24,2423,37.7,Product_8,1
37,2424,23.59,Product_3,3
92,2425,49.68,Product_5,4
71,2426,10.84,Product_10,4
90,2427,44.37,Product_10,4
28,2428,29.5,Product_8,1
89,2429,47.51,Product_1,2
78,2430,41.99,Product_7,4
13,2431,47.22,Product_6,2
55,2432,22.47,Product_3,1
50,2433,6.11,Product_5,2
17,2434,26.24,Product_5,2
4,2435,19.74,Product_4,3
41,2436,30.43,Product_8,5
72,2437,30.93,Product_10,5
15,2438,35.86,Product_7,1
5,2439,12.88,Product_6,3
17,2440,40.51,Product_9,5
13,2441,44.84,Product_10,2
90,2442,45.38,Product_7,4
80,2443,29.63,Product_9,3
18,2444,17.09,Product_8,3
95,2445,23.16,Product_8,1
22,2446,23.99,Product_6,3
28,2447,21.09,Product_4,4
7,2448,11.59,Product_10,1
22,2449,21.28,Product_10,5
57,2450,20.27,Product_2,5
81,2451,39.72,Product_3,4
38,2452,13.57,Product_6,2
47,2453,42.01,Product_4,5
27,2454,42.25,Product_8,3
96,2455,37.0,Product_5,3
54,2456,12.64,Product_10,1
56,2457,38.05,Product_5,2
76,2458,33.78,Product_1,2
88,2459,48.63,Product_10,2
24,2460,49.02,Product_2,4
64,2461,34.74,Product_5,3
30,2462,13.64,Product_3,3
19,2463,18.09,Product_2,3
85,2464,48.33,Product_9,4
51,2465,15.78,Product_2,3
53,2466,39.06,Product_3,1
41,2467,17.82,Product_3,4
68,2468,22.58,Product_2,3
82,2469,11.03,Product_8,4
44,2470,17.29,Product_6,4
54,2471,25.01,Product_5,5
97,2472,46.82,Product_3,1
75,2473,24.34,Product_1,4
76,2474,7.69,Product_9,1
11,2475,36.94,Product_4,2
47,2476,40.25,Product_2,3
62,2477,14.73,Product_8,5
96,2478,48.38,Product_5,3
43,2479,35.34,Product_10,2
13,2480,34.01,Product_9,2
4,2481,16.4,Product_5,5
11,2482,18.54,Product_2,5
46,2483,13.54,Product_5,2
57,2484,23.54,Product_10,2
66,2485,24.42,Product_5,3
29,2486,7.88,Product_9,1
83,2487,38.51,Product_2,3
99,2488,18.55,Product_1,4
39,2489,46.9,Product_9,4
95,2490,21.05,Product_1,3
22,2491,20.33,Product_8,3
83,2492,7.29,Product_6,5
61,2493,19.31,Product_7,1
4,2494,28.37,Product_1,5
73,2495,23.41,Product_5,1
70,2496,5.52,Product_4,2
28,2497,21.5,Product_4,3
98,2498,47.56,Product_2,4
64,2499,10.61,Product_1,3
33,2500,35.36,Product_9,4
46,2501,47.82,Product_9,1
33,2502,28.48,Product_2,5
8,2503,45.5,Product_1,3
58,2504,6.67,Product_8,2
61,2505,41.88,Product_5,5
67,2506,20.94,Product_10,5
29,2507,21.0,Product_10,5
6,2508,41.25,Product_3,3
6,2509,42.52,Product_1,5
90,2510,31.72,Product_8,2
77,2511,24.21,Product_9,3
27,2512,16.49,Product_2,4
16,2513,43.81,Product_8,5
49,2514,6.13,Product_2,5
96,2515,26.91,Product_7,3
99,2516,15.26,Product_7,3
12,2517,19.27,Product_8,4
86,2518,39.61,Product_10,1
89,2519,25.52,Product_6,5
70,2520,11.24,Product_8,4
8,2521,37.39,Product_10,4
59,2522,10.18,Product_10,3
67,2523,36.32,Product_3,4
17,2524,8.27,Product_6,2
65,2525,43.0,Product_1,4
91,2526,14.84,Product_1,5
43,2527,10.07,Product_9,1
79,2528,39.99,Product_8,5
36,2529,32.37,Product_8,3
77,2530,16.77,Product_6,3
10,2531,15.22,Product_9,2
61,2532,13.62,Product_4,2
28,2533,30.1,Product_9,1
67,2534,20.3,Product_9,1
20,2535,32.03,Product_4,2
47,2536,32.43,Product_7,2
30,2537,27.56,Product_7,5
34,2538,44.89,Product_8,3
90,2539,42.93,Product_10,5
11,2540,37.83,Product_5,4
45,2541,20.37,Product_8,5
14,2542,27.83,Product_2,2
93,2543,49.93,Product_5,4
86,2544,34.73,Product_1,2
97,2545,9.96,Product_6,2
81,2546,16.61,Product_8,4
80,2547,6.63,Product_3,4
98,2548,15.91,Product_2,5
24,2549,37.23,Product_5,5
79,2550,47.2,Product_7,5
72,2551,15.28,Product_6,1
28,2552,43.7,Product_9,5
21,2553,43.16,Product_5,1
20,2554,22.11,Product_1,1
6,2555,20.96,Product_10,3
80,2556,31.89,Product_3,3
64,2557,46.07,Product_9,1
65,2558,27.24,Product_5,5
81,2559,29.68,Product_5,2
18,2560,45.69,Product_4,2
77,2561,36.77,Product_1,5
52,2562,37.35,Product_5,5
64,2563,28.87,Product_3,2
52,2564,5.01,Product_1,5
18,2565,15.85,Product_6,5
46,2566,34.08,Product_7,5
56,2567,8.36,Product_3,2
60,2568,47.17,Product_3,4
41,2569,49.21,Product_2,3
31,2570,16.25,Product_10,5
77,2571,34.95,Product_8,1
65,2572,35.27,Product_10,2
69,2573,33.39,Product_9,5
58,2574,43.6,Product_1,5
38,2575,21.34,Product_8,2
85,2576,17.3,Product_2,3
60,2577,48.64,Product_1,3
3,2578,44.95,Product_8,5
16,2579,17.53,Product_2,1
91,2580,48.97,Product_2,5
64,2581,23.56,Product_3,1
20,2582,48.31,Product_6,1
36,2583,17.58,Product_10,3
59,2584,45.65,Product_6,2
25,2585,8.98,Product_10,4
2,2586,24.76,Product_7,2
100,2587,7.78,Product_5,4
94,2588,25.71,Product_5,4
76,2589,49.71,Product_10,5
84,2590,7.85,Product_1,1
8,2591,45.38,Product_3,5
41,2592,34.79,Product_10,5
65,2593,40.73,Product_3,2
14,2594,9.51,Product_10,2
36,2595,40.35,Product_6,5
97,2596,46.14,Product_6,5
89,2597,24.69,Product_9,1
97,2598,18.77,Product_4,3
24,2599,13.92,Product_5,3
5,2600,15.85,Product_1,4
45,2601,35.02,Product_7,3
23,2602,49.42,Product_7,5
32,2603,8.78,Product_10,2
77,2604,21.49,Product_3,4
86,2605,18.97,Product_10,2
96,2606,28.96,Product_3,3
38,2607,5.71,Product_6,2
37,2608,48.33,Product_2,5
7,2609,33.89,Product_4,2
5,2610,39.87,Product_4,4
5,2611,37.2,Product_9,3
100,2612,25.79,Product_4,4
49,2613,8.39,Product_4,1
50,2614,28.45,Product_5,1
70,2615,19.48,Product_6,1
76,2616,5.45,Product_5,4
95,2617,48.87,Product_4,3
58,2618,26.46,Product_3,5
21,2619,43.01,Product_6,1
44,2620,16.87,Product_7,4
79,2621,26.24,Product_4,3
19,2622,21.98,Product_9,5
39,2623,21.78,Product_3,4
58,2624,19.16,Product_5,5
7,2625,13.82,Product_10,5
92,2626,47.02,Product_2,4
99,2627,46.61,Product_7,2
48,2628,18.59,Product_6,4
91,2629,28.32,Product_4,1
28,2630,13.53,Product_3,3
6,2631,17.65,Product_9,4
53,2632,17.24,Product_5,4
18,2633,15.43,Product_9,1
45,2634,39.03,Product_8,2
19,2635,31.08,Product_10,5
7,2636,49.92,Product_6,3
75,2637,44.13,Product_6,1
97,2638,44.68,Product_7,3
2,2639,15.71,Product_9,1
13,2640,21.85,Product_7,3
72,2641,24.94,Product_7,2
79,2642,48.15,Product_5,4
1,2643,11.4,Product_5,2
9,2644,44.45,Product_1,2
33,2645,20.44,Product_6,3
33,2646,41.06,Product_2,3
8,2647,21.72,Product_8,2
64,2648,18.42,Product_6,2
42,2649,45.12,Product_2,1
59,2650,43.55,Product_8,2
46,2651,9.05,Product_10,3
54,2652,25.47,Product_1,2
77,2653,9.67,Product_9,1
28,2654,47.89,Product_2,1
48,2655,39.71,Product_5,3
34,2656,38.84,Product_4,1
15,2657,12.14,Product_2,1
8,2658,14.02,Product_4,4
97,2659,25.33,Product_7,1
42,2660,29.4,Product_1,4
82,2661,35.35,Product_9,3
14,2662,23.13,Product_7,1
30,2663,25.28,Product_8,4
28,2664,28.78,Product_8,3
58,2665,46.79,Product_10,1
88,2666,28.58,Product_10,4
89,2667,5.16,Product_8,1
100,2668,9.42,Product_5,4
6,2669,7.73,Product_2,1
98,2670,28.32,Product_6,5
83,2671,38.78,Product_4,5
33,2672,21.98,Product_9,4
65,2673,14.57,Product_5,2
66,2674,22.47,Product_4,2
40,2675,10.13,Product_4,2
30,2676,22.69,Product_4,5
42,2677,23.04,Product_3,1
5,2678,49.96,Product_1,3
78,2679,26.36,Product_10,5
26,2680,22.25,Product_7,3
41,2681,38.49,Product_3,2
77,2682,17.96,Product_10,4
55,2683,47.56,Product_3,3
36,2684,17.89,Product_2,3
8,2685,27.73,Product_10,5
93,2686,32.89,Product_2,2
54,2687,10.07,Product_5,5
19,2688,9.41,Product_4,2
88,2689,23.01,Product_8,3
49,2690,31.77,Product_8,4
42,2691,17.49,Product_3,4
34,2692,9.96,Product_3,3
11,2693,31.56,Product_4,1
19,2694,26.58,Product_7,2
38,2695,12.21,Product_1,5
73,2696,15.73,Product_6,5
47,2697,22.89,Product_7,5
86,2698,13.45,Product_8,1
67,2699,13.0,Product_10,5
48,2700,49.97,Product_2,1
37,2701,25.23,Product_4,5
16,2702,29.84,Product_6,5
97,2703,42.62,Product_7,1
3,2704,5.59,Product_5,2
3,2705,19.95,Product_1,4
6,2706,39.5,Product_10,5
9,2707,32.66,Product_1,4
44,2708,36.28,Product_7,2
40,2709,21.42,Product_8,1
88,2710,27.09,Product_8,5
17,2711,29.9,Product_4,3
76,2712,46.36,Product_5,2
52,2713,17.84,Product_9,2
42,2714,17.98,Product_3,4
82,2715,21.62,Product_6,2
54,2716,42.99,Product_6,1
63,2717,31.05,Product_9,2
66,2718,10.33,Product_8,3
7,2719,29.91,Product_1,1
99,2720,35.9,Product_9,3
7,2721,43.69,Product_4,4
65,2722,17.18,Product_8,4
87,2723,23.72,Product_4,2
52,2724,44.19,Product_9,1
16,2725,25.22,Product_5,4
65,2726,47.37,Product_7,2
25,2727,9.17,Product_3,1
100,2728,25.13,Product_3,1
23,2729,8.13,Product_3,2
33,2730,43.72,Product_2,2
47,2731,13.96,Product_8,3
96,2732,24.52,Product_8,5
9,2733,26.43,Product_2,5
72,2734,22.83,Product_2,4
64,2735,5.54,Product_9,4
23,2736,30.63,Product_8,2
14,2737,43.43,Product_1,3
1,2738,25.83,Product_4,5
73,2739,11.15,Product_2,1
88,2740,7.56,Product_3,1
63,2741,41.54,Product_8,2
52,2742,32.17,Product_4,3
99,2743,36.34,Product_10,5
92,2744,15.3,Product_5,5
64,2745,13.33,Product_7,2
92,2746,32.39,Product_2,4
100,2747,40.78,Product_8,1
81,2748,15.93,Product_2,1
82,2749,32.53,Product_1,4
56,2750,28.56,Product_2,2
46,2751,10.54,Product_4,2
82,2752,27.23,Product_5,2
17,2753,37.34,Product_4,2
82,2754,36.77,Product_9,2
35,2755,31.7,Product_5,4
31,2756,47.45,Product_7,4
67,2757,13.05,Product_8,1
10,2758,47.61,Product_2,1
67,2759,6.35,Product_3,3
58,2760,10.24,Product_5,2
37,2761,5.26,Product_3,1
70,2762,26.59,Product_2,5
22,2763,6.81,Product_1,1
83,2764,8.78,Product_8,4
25,2765,15.62,Product_1,4
81,2766,48.33,Product_1,1
54,2767,34.97,Product_3,5
70,2768,11.79,Product_5,3
83,2769,17.56,Product_10,5
63,2770,46.61,Product_7,2
10,2771,30.4,Product_4,1
75,2772,15.42,Product_4,5
27,2773,29.73,Product_7,4
17,2774,46.46,Product_6,3
26,2775,35.54,Product_10,3
33,2776,39.1,Product_6,2
97,2777,20.03,Product_7,5
41,2778,46.25,Product_6,3
67,2779,27.42,Product_9,1
21,2780,27.65,Product_10,1
9,2781,29.68,Product_1,4
71,2782,37.44,Product_10,1
9,2783,44.11,Product_4,2
4,2784,17.09,Product_4,2
83,2785,34.94,Product_8,5
33,2786,14.54,Product_6,1
80,2787,49.9,Product_3,3
67,2788,23.9,Product_6,5
94,2789,45.57,Product_7,5
70,2790,9.44,Product_7,5
21,2791,33.26,Product_7,1
91,2792,39.11,Product_7,5
17,2793,46.31,Product_8,1
14,2794,47.86,Product_6,2
1,2795,49.71,Product_9,4
57,2796,41.09,Product_10,1
21,2797,43.28,Product_9,3
19,2798,39.29,Product_3,2
70,2799,29.71,Product_3,3
62,2800,18.66,Product_5,1
84,2801,37.25,Product_8,5
21,2802,18.84,Product_4,3
4,2803,15.25,Product_2,1
86,2804,39.39,Product_10,2
51,2805,34.36,Product_6,5
85,2806,7.2,Product_6,5
34,2807,41.44,Product_4,3
47,2808,26.06,Product_7,2
12,2809,23.58,Product_5,3
28,2810,27.49,Product_3,3
32,2811,38.4,Product_9,2
36,2812,49.85,Product_6,1
23,2813,24.85,Product_3,3
29,2814,20.68,Product_8,2
6,2815,32.85,Product_5,2
67,2816,38.84,Product_3,4
15,2817,11.07,Product_5,3
82,2818,18.77,Product_10,1
9,2819,5.9,Product_9,4
26,2820,22.96,Product_2,3
95,2821,48.5,Product_8,5
29,2822,28.52,Product_1,4
46,2823,22.78,Product_8,4
21,2824,46.01,Product_10,2
39,2825,41.22,Product_7,3
13,2826,5.71,Product_1,1
69,2827,48.46,Product_6,3
12,2828,41.79,Product_3,1
81,2829,38.45,Product_8,5
74,2830,32.26,Product_2,1
93,2831,41.79,Product_9,4
91,2832,16.01,Product_7,5
75,2833,21.9,Product_6,5
36,2834,14.57,Product_1,3
74,2835,5.12,Product_9,3
24,2836,20.36,Product_2,4
65,2837,27.91,Product_4,1
32,2838,6.42,Product_6,4
2,2839,39.93,Product_8,1
11,2840,35.29,Product_7,4
15,2841,28.3,Product_9,1
62,2842,33.97,Product_5,1
58,2843,12.6,Product_1,5
96,2844,44.23,Product_5,3
94,2845,36.31,Product_4,5
32,2846,10.02,Product_9,1
15,2847,15.09,Product_2,2
71,2848,28.26,Product_10,2
98,2849,5.14,Product_6,4
69,2850,27.3,Product_7,4
6,2851,9.2,Product_5,1
41,2852,33.12,Product_1,5
46,2853,20.16,Product_8,1
94,2854,39.56,Product_3,4
95,2855,37.03,Product_6,5
61,2856,44.8,Product_7,2
32,2857,37.17,Product_5,4
11,2858,39.57,Product_9,5
28,2859,15.08,Product_7,1
61,2860,17.17,Product_1,4
9,2861,21.15,Product_2,3
14,2862,47.59,Product_3,5
53,2863,7.17,Product_3,1
1,2864,47.19,Product_4,5
37,2865,29.29,Product_1,5
75,2866,9.88,Product_8,5
31,2867,22.09,Product_3,5
89,2868,23.48,Product_1,2
44,2869,44.95,Product_4,5
71,2870,5.34,Product_7,3
9,2871,30.03,Product_5,4
24,2872,31.42,Product_8,3
20,2873,32.26,Product_9,4
91,2874,36.16,Product_9,1
47,2875,20.82,Product_9,2
21,2876,45.46,Product_10,3
24,2877,22.54,Product_5,4
66,2878,48.66,Product_10,1
91,2879,23.67,Product_9,2
45,2880,10.14,Product_8,5
56,2881,19.33,Product_10,4
33,2882,14.8,Product_2,5
48,2883,45.05,Product_9,1
99,2884,7.12,Product_5,3
99,2885,44.47,Product_9,5
20,2886,25.74,Product_1,3
80,2887,5.83,Product_7,1
23,2888,23.27,Product_6,3
92,2889,38.05,Product_5,3
45,2890,41.56,Product_3,3
77,2891,49.65,Product_8,1
98,2892,14.29,Product_3,4
32,2893,48.99,Product_2,3
43,2894,46.91,Product_2,2
19,2895,45.51,Product_8,1
32,2896,46.15,Product_5,5
61,2897,20.14,Product_10,3
90,2898,40.38,Product_3,3
20,2899,20.52,Product_8,3
23,2900,48.99,Product_2,2
7,2901,35.9,Product_6,4
57,2902,25.28,Product_10,1
16,2903,36.54,Product_8,3
88,2904,40.52,Product_9,3
98,2905,45.21,Product_4,1
71,2906,30.99,Product_7,3
5,2907,22.63,Product_4,3
23,2908,11.26,Product_4,2
32,2909,30.31,Product_1,1
1,2910,8.37,Product_1,2
18,2911,38.12,Product_6,4
91,2912,30.78,Product_5,4
62,2913,30.6,Product_9,1
81,2914,34.84,Product_8,1
44,2915,20.52,Product_7,5
76,2916,15.65,Product_7,4
66,2917,48.95,Product_9,4
13,2918,40.75,Product_9,4
43,2919,44.69,Product_7,3
11,2920,25.24,Product_8,2
79,2921,49.2,Product_1,2
18,2922,49.58,Product_9,2
58,2923,43.75,Product_6,2
72,2924,5.32,Product_8,5
21,2925,5.79,Product_2,3
37,2926,26.58,Product_9,2
27,2927,38.53,Product_9,5
81,2928,38.56,Product_8,1
48,2929,7.65,Product_2,1
76,2930,42.36,Product_10,1
96,2931,44.58,Product_10,3
22,2932,18.57,Product_7,5
22,2933,36.69,Product_9,5
7,2934,43.25,Product_10,5
18,2935,40.49,Product_10,3
87,2936,29.53,Product_2,2
35,2937,8.19,Product_3,5
70,2938,22.99,Product_6,3
27,2939,16.05,Product_9,5
49,2940,7.28,Product_5,3
33,2941,20.63,Product_1,5
36,2942,15.03,Product_6,4
13,2943,22.51,Product_4,5
72,2944,17.24,Product_5,5
29,2945,32.28,Product_5,2
61,2946,5.58,Product_1,3
31,2947,20.65,Product_1,5
31,2948,46.21,Product_8,1
75,2949,45.78,Product_6,1
67,2950,40.5,Product_2,2
55,2951,14.47,Product_8,4
8,2952,26.56,Product_9,5
87,2953,40.55,Product_3,4
44,2954,17.85,Product_6,3
13,2955,6.11,Product_9,4
81,2956,37.54,Product_5,4
3,2957,33.34,Product_4,3
75,2958,28.24,Product_4,4
39,2959,14.31,Product_2,4
50,2960,37.9,Product_3,3
30,2961,35.25,Product_8,4
21,2962,44.45,Product_10,2
81,2963,27.89,Product_7,2
57,2964,26.04,Product_8,5
69,2965,10.8,Product_9,4
25,2966,19.97,Product_4,3
38,2967,41.29,Product_2,4
84,2968,14.46,Product_8,5
77,2969,15.07,Product_5,5
41,2970,14.45,Product_6,2
2,2971,37.66,Product_1,3
95,2972,18.83,Product_5,4
82,2973,12.82,Product_3,1
74,2974,11.37,Product_7,2
42,2975,11.76,Product_9,3
58,2976,42.09,Product_7,3
12,2977,9.14,Product_4,5
34,2978,44.7,Product_10,2
39,2979,10.19,Product_5,2
90,2980,12.62,Product_8,2
91,2981,18.16,Product_5,3
21,2982,46.62,Product_4,2
20,2983,19.64,Product_7,5
27,2984,22.48,Product_8,5
75,2985,19.54,Product_9,5
95,2986,23.14,Product_9,5
46,2987,49.52,Product_10,1
4,2988,39.62,Product_2,1
58,2989,29.43,Product_9,2
73,2990,30.85,Product_10,1
82,2991,30.45,Product_6,4
43,2992,46.25,Product_8,4
98,2993,46.45,Product_4,1
93,2994,13.02,Product_9,2
38,2995,47.56,Product_8,2
64,2996,33.23,Product_3,1
91,2997,17.7,Product_1,4
50,2998,11.5,Product_2,5
36,2999,7.7,Product_7,3
